Max_biomass_ugL,Cmax_SRP_ugL,Cmax_DIN_ugL,Cmax_DOC_mgL,Temp_C_Cmax,schmidt.stability,n2,perc_light_Cmax,,,,,,,,
1,0.104593499,-0.050231644,0.360549962,0.522128852,0.158263305,0.15210084,-0.371100164,1,0.1,-0.05,0.36,0.52,0.16,0.15,-0.37
,1,0.032773645,0.515104928,0.505217719,0.206154714,0.087823757,0.168135805,,1,0.03,0.52,0.51,0.21,0.09,0.17
,,1,-0.136736207,0.126884715,-0.091375362,-0.212443889,0.005811298,,,1,-0.14,0.13,-0.09,-0.21,0.01
,,,1,0.709894778,0.284600212,0.286129498,0.334301184,,,,1,0.71,0.28,0.29,0.33
,,,,1,0.254341737,0.101680672,0.399562124,,,,,1,0.25,0.1,0.4
,,,,,1,0.75070028,0.177887247,,,,,,1,0.75,0.18
,,,,,,1,-0.053092501,,,,,,,1,-0.05
,,,,,,,1,,,,,,,,1
