Max_biomass_ugL,Cmax_SRP_ugL,Cmax_DIN_ugL,Cmax_DOC_mgL,Temp_C_Cmax,schmidt.stability,n2,perc_light_Cmax,,,,,,,,
1,0.383591028,0.068305097,0.151333645,0.382797113,-0.035324798,0.506638217,-0.103217503,1,0.38,0.07,0.15,0.38,-0.04,0.51,-0.1
,1,-0.181520164,0.243754038,0.519934085,0.173839159,0.28356542,0.283369268,,1,-0.18,0.24,0.52,0.17,0.28,0.28
,,1,0.286776762,0.039311752,-0.064380461,-0.082193791,-0.203519749,,,1,0.29,0.04,-0.06,-0.08,-0.2
,,,1,0.544128183,0.100343783,0.070861331,0.082196634,,,,1,0.54,0.1,0.07,0.08
,,,,1,0.305512747,0.54522822,0.601106969,,,,,1,0.31,0.55,0.6
,,,,,1,0.408487435,0.372200772,,,,,,1,0.41,0.37
,,,,,,1,0.22007722,,,,,,,1,0.22
,,,,,,,1,,,,,,,,1
