Max_biomass_ugL,Cmax_SRP_ugL,Cmax_DIN_ugL,Cmax_DOC_mgL,Temp_C_Cmax,schmidt.stability,n2,perc_light_Cmax,,,,,,,,
1,0.243113095,0.038245514,0.238696671,0.444996375,0.088205029,0.264454306,-0.217216117,1,0.24,0.04,0.24,0.44,0.09,0.26,-0.22
,1,-0.112690753,0.32694627,0.493580595,0.013028009,0.035652707,0.20921716,,1,-0.11,0.33,0.49,0.01,0.04,0.21
,,1,0.148600418,0.09873034,0.049372807,0.014043821,-0.099469357,,,1,0.15,0.1,0.05,0.01,-0.1
,,,1,0.530608814,0.425120745,0.454223252,0.278249185,,,,1,0.53,0.43,0.45,0.28
,,,,1,0.252817751,0.289508803,0.545021635,,,,,1,0.25,0.29,0.55
,,,,,1,0.786224194,0.290384615,,,,,,1,0.79,0.29
,,,,,,1,0.185164835,,,,,,,1,0.19
,,,,,,,1,,,,,,,,1
